experiment,forest_type,eval_function,num_trees,sample_ratio,feature_ratio,tree_max_depth,tree_tournament_size,min_samples_split,set_id,train_size,random_seed,categorial_encoding,time_of_building,accuracy,TP,TN,FP,FN
CART_sample_ratio_73,CART,CART_GINI_GAIN,100,0.2,1.0,-1,2,2,73,0.7,42,ONE_HOT,6.3447,0.9422,1034,1263,0,141
CART_sample_ratio_73,CART,CART_GINI_GAIN,100,0.2,1.0,-1,2,2,73,0.7,43,ONE_HOT,7.0621,0.9573,1071,1263,0,104
CART_sample_ratio_73,CART,CART_GINI_GAIN,100,0.2,1.0,-1,2,2,73,0.7,44,ONE_HOT,5.0879,0.9647,1089,1263,0,86
CART_sample_ratio_73,CART,CART_GINI_GAIN,100,0.2,1.0,-1,2,2,73,0.7,45,ONE_HOT,5.6082,0.95,1061,1255,8,114
CART_sample_ratio_73,CART,CART_GINI_GAIN,100,0.2,1.0,-1,2,2,73,0.7,46,ONE_HOT,6.4629,0.9459,1043,1263,0,132
CART_sample_ratio_73,CART,CART_GINI_GAIN,100,0.2,1.0,-1,2,2,73,0.7,47,ONE_HOT,5.0679,0.9331,1012,1263,0,163
CART_sample_ratio_73,CART,CART_GINI_GAIN,100,0.2,1.0,-1,2,2,73,0.7,48,ONE_HOT,5.0733,0.9643,1088,1263,0,87
CART_sample_ratio_73,CART,CART_GINI_GAIN,100,0.2,1.0,-1,2,2,73,0.7,49,ONE_HOT,5.6894,0.9852,1139,1263,0,36
CART_sample_ratio_73,CART,CART_GINI_GAIN,100,0.2,1.0,-1,2,2,73,0.7,50,ONE_HOT,5.3949,0.9639,1087,1263,0,88
CART_sample_ratio_73,CART,CART_GINI_GAIN,100,0.2,1.0,-1,2,2,73,0.7,51,ONE_HOT,4.9357,0.9713,1107,1261,2,68
CART_sample_ratio_73,CART,CART_GINI_GAIN,100,0.2,1.0,-1,2,2,73,0.7,52,ONE_HOT,5.3396,0.9746,1113,1263,0,62
CART_sample_ratio_73,CART,CART_GINI_GAIN,100,0.2,1.0,-1,2,2,73,0.7,53,ONE_HOT,6.7284,0.9688,1099,1263,0,76
CART_sample_ratio_73,CART,CART_GINI_GAIN,100,0.2,1.0,-1,2,2,73,0.7,54,ONE_HOT,5.26,0.9541,1063,1263,0,112
CART_sample_ratio_73,CART,CART_GINI_GAIN,100,0.2,1.0,-1,2,2,73,0.7,55,ONE_HOT,4.9173,0.9889,1148,1263,0,27
CART_sample_ratio_73,CART,CART_GINI_GAIN,100,0.2,1.0,-1,2,2,73,0.7,56,ONE_HOT,5.1966,0.9479,1048,1263,0,127
CART_sample_ratio_73,CART,CART_GINI_GAIN,100,0.2,1.0,-1,2,2,73,0.7,57,ONE_HOT,5.9497,0.984,1138,1261,2,37
CART_sample_ratio_73,CART,CART_GINI_GAIN,100,0.2,1.0,-1,2,2,73,0.7,58,ONE_HOT,5.4293,0.9463,1045,1262,1,130
CART_sample_ratio_73,CART,CART_GINI_GAIN,100,0.2,1.0,-1,2,2,73,0.7,59,ONE_HOT,5.7819,0.977,1122,1260,3,53
CART_sample_ratio_73,CART,CART_GINI_GAIN,100,0.2,1.0,-1,2,2,73,0.7,60,ONE_HOT,5.2622,0.9807,1130,1261,2,45
CART_sample_ratio_73,CART,CART_GINI_GAIN,100,0.2,1.0,-1,2,2,73,0.7,61,ONE_HOT,5.2515,0.9655,1091,1263,0,84
CART_sample_ratio_73,CART,CART_GINI_GAIN,100,0.2,1.0,-1,2,2,73,0.7,62,ONE_HOT,5.0659,0.9582,1076,1260,3,99
CART_sample_ratio_73,CART,CART_GINI_GAIN,100,0.2,1.0,-1,2,2,73,0.7,63,ONE_HOT,4.8865,0.9606,1079,1263,0,96
CART_sample_ratio_73,CART,CART_GINI_GAIN,100,0.2,1.0,-1,2,2,73,0.7,64,ONE_HOT,5.1841,0.961,1080,1263,0,95
CART_sample_ratio_73,CART,CART_GINI_GAIN,100,0.2,1.0,-1,2,2,73,0.7,65,ONE_HOT,6.2896,0.9811,1129,1263,0,46
CART_sample_ratio_73,CART,CART_GINI_GAIN,100,0.2,1.0,-1,2,2,73,0.7,66,ONE_HOT,5.8744,0.9471,1046,1263,0,129
CART_sample_ratio_73,CART,CART_GINI_GAIN,100,0.4,1.0,-1,2,2,73,0.7,42,ONE_HOT,3.9603,0.9651,1090,1263,0,85
CART_sample_ratio_73,CART,CART_GINI_GAIN,100,0.4,1.0,-1,2,2,73,0.7,43,ONE_HOT,4.5938,0.9454,1042,1263,0,133
CART_sample_ratio_73,CART,CART_GINI_GAIN,100,0.4,1.0,-1,2,2,73,0.7,44,ONE_HOT,5.5257,0.9766,1120,1261,2,55
CART_sample_ratio_73,CART,CART_GINI_GAIN,100,0.4,1.0,-1,2,2,73,0.7,45,ONE_HOT,4.8195,0.9631,1085,1263,0,90
CART_sample_ratio_73,CART,CART_GINI_GAIN,100,0.4,1.0,-1,2,2,73,0.7,46,ONE_HOT,5.084,0.9737,1113,1261,2,62
CART_sample_ratio_73,CART,CART_GINI_GAIN,100,0.4,1.0,-1,2,2,73,0.7,47,ONE_HOT,4.7606,0.984,1136,1263,0,39
CART_sample_ratio_73,CART,CART_GINI_GAIN,100,0.4,1.0,-1,2,2,73,0.7,48,ONE_HOT,6.2442,0.9692,1100,1263,0,75
CART_sample_ratio_73,CART,CART_GINI_GAIN,100,0.4,1.0,-1,2,2,73,0.7,49,ONE_HOT,4.9684,0.9779,1121,1263,0,54
CART_sample_ratio_73,CART,CART_GINI_GAIN,100,0.4,1.0,-1,2,2,73,0.7,50,ONE_HOT,5.1583,0.9811,1129,1263,0,46
CART_sample_ratio_73,CART,CART_GINI_GAIN,100,0.4,1.0,-1,2,2,73,0.7,51,ONE_HOT,5.1407,0.9836,1135,1263,0,40
CART_sample_ratio_73,CART,CART_GINI_GAIN,100,0.4,1.0,-1,2,2,73,0.7,52,ONE_HOT,4.8488,0.9582,1073,1263,0,102
CART_sample_ratio_73,CART,CART_GINI_GAIN,100,0.4,1.0,-1,2,2,73,0.7,53,ONE_HOT,5.1699,0.9733,1110,1263,0,65
CART_sample_ratio_73,CART,CART_GINI_GAIN,100,0.4,1.0,-1,2,2,73,0.7,54,ONE_HOT,5.1861,0.9836,1135,1263,0,40
CART_sample_ratio_73,CART,CART_GINI_GAIN,100,0.4,1.0,-1,2,2,73,0.7,55,ONE_HOT,6.1973,0.9479,1048,1263,0,127
CART_sample_ratio_73,CART,CART_GINI_GAIN,100,0.4,1.0,-1,2,2,73,0.7,56,ONE_HOT,5.7299,0.9655,1091,1263,0,84
CART_sample_ratio_73,CART,CART_GINI_GAIN,100,0.4,1.0,-1,2,2,73,0.7,57,ONE_HOT,4.816,0.9696,1101,1263,0,74
CART_sample_ratio_73,CART,CART_GINI_GAIN,100,0.4,1.0,-1,2,2,73,0.7,58,ONE_HOT,4.8589,0.9463,1044,1263,0,131
CART_sample_ratio_73,CART,CART_GINI_GAIN,100,0.4,1.0,-1,2,2,73,0.7,59,ONE_HOT,5.4792,0.9524,1059,1263,0,116
CART_sample_ratio_73,CART,CART_GINI_GAIN,100,0.4,1.0,-1,2,2,73,0.7,60,ONE_HOT,5.2455,0.9512,1056,1263,0,119
CART_sample_ratio_73,CART,CART_GINI_GAIN,100,0.4,1.0,-1,2,2,73,0.7,61,ONE_HOT,4.758,0.9606,1079,1263,0,96
CART_sample_ratio_73,CART,CART_GINI_GAIN,100,0.4,1.0,-1,2,2,73,0.7,62,ONE_HOT,4.8569,0.9672,1097,1261,2,78
CART_sample_ratio_73,CART,CART_GINI_GAIN,100,0.4,1.0,-1,2,2,73,0.7,63,ONE_HOT,5.0923,0.9885,1147,1263,0,28
CART_sample_ratio_73,CART,CART_GINI_GAIN,100,0.4,1.0,-1,2,2,73,0.7,64,ONE_HOT,4.7844,0.9762,1118,1262,1,57
CART_sample_ratio_73,CART,CART_GINI_GAIN,100,0.4,1.0,-1,2,2,73,0.7,65,ONE_HOT,4.8709,0.9664,1093,1263,0,82
CART_sample_ratio_73,CART,CART_GINI_GAIN,100,0.4,1.0,-1,2,2,73,0.7,66,ONE_HOT,5.4981,0.9327,1011,1263,0,164
CART_sample_ratio_73,CART,CART_GINI_GAIN,100,0.6,1.0,-1,2,2,73,0.7,42,ONE_HOT,4.7189,0.9549,1065,1263,0,110
CART_sample_ratio_73,CART,CART_GINI_GAIN,100,0.6,1.0,-1,2,2,73,0.7,43,ONE_HOT,4.3989,0.9774,1120,1263,0,55
CART_sample_ratio_73,CART,CART_GINI_GAIN,100,0.6,1.0,-1,2,2,73,0.7,44,ONE_HOT,3.9075,0.9557,1067,1263,0,108
CART_sample_ratio_73,CART,CART_GINI_GAIN,100,0.6,1.0,-1,2,2,73,0.7,45,ONE_HOT,4.4531,0.9614,1084,1260,3,91
CART_sample_ratio_73,CART,CART_GINI_GAIN,100,0.6,1.0,-1,2,2,73,0.7,46,ONE_HOT,4.2752,0.9725,1108,1263,0,67
CART_sample_ratio_73,CART,CART_GINI_GAIN,100,0.6,1.0,-1,2,2,73,0.7,47,ONE_HOT,4.5182,0.9787,1123,1263,0,52
CART_sample_ratio_73,CART,CART_GINI_GAIN,100,0.6,1.0,-1,2,2,73,0.7,48,ONE_HOT,5.1503,0.9815,1130,1263,0,45
CART_sample_ratio_73,CART,CART_GINI_GAIN,100,0.6,1.0,-1,2,2,73,0.7,49,ONE_HOT,4.2568,0.9799,1126,1263,0,49
CART_sample_ratio_73,CART,CART_GINI_GAIN,100,0.6,1.0,-1,2,2,73,0.7,50,ONE_HOT,4.1524,0.968,1097,1263,0,78
CART_sample_ratio_73,CART,CART_GINI_GAIN,100,0.6,1.0,-1,2,2,73,0.7,51,ONE_HOT,4.3863,0.9602,1078,1263,0,97
CART_sample_ratio_73,CART,CART_GINI_GAIN,100,0.6,1.0,-1,2,2,73,0.7,52,ONE_HOT,4.1157,0.9696,1101,1263,0,74
CART_sample_ratio_73,CART,CART_GINI_GAIN,100,0.6,1.0,-1,2,2,73,0.7,53,ONE_HOT,4.0781,0.9709,1104,1263,0,71
CART_sample_ratio_73,CART,CART_GINI_GAIN,100,0.6,1.0,-1,2,2,73,0.7,54,ONE_HOT,4.311,0.9791,1124,1263,0,51
CART_sample_ratio_73,CART,CART_GINI_GAIN,100,0.6,1.0,-1,2,2,73,0.7,55,ONE_HOT,4.2284,0.9557,1075,1255,8,100
CART_sample_ratio_73,CART,CART_GINI_GAIN,100,0.6,1.0,-1,2,2,73,0.7,56,ONE_HOT,4.324,0.9512,1063,1256,7,112
CART_sample_ratio_73,CART,CART_GINI_GAIN,100,0.6,1.0,-1,2,2,73,0.7,57,ONE_HOT,4.29,0.9856,1140,1263,0,35
CART_sample_ratio_73,CART,CART_GINI_GAIN,100,0.6,1.0,-1,2,2,73,0.7,58,ONE_HOT,4.482,0.9639,1087,1263,0,88
CART_sample_ratio_73,CART,CART_GINI_GAIN,100,0.6,1.0,-1,2,2,73,0.7,59,ONE_HOT,4.2229,0.9746,1115,1261,2,60
CART_sample_ratio_73,CART,CART_GINI_GAIN,100,0.6,1.0,-1,2,2,73,0.7,60,ONE_HOT,4.352,0.9606,1079,1263,0,96
CART_sample_ratio_73,CART,CART_GINI_GAIN,100,0.6,1.0,-1,2,2,73,0.7,61,ONE_HOT,4.3242,0.9803,1127,1263,0,48
CART_sample_ratio_73,CART,CART_GINI_GAIN,100,0.6,1.0,-1,2,2,73,0.7,62,ONE_HOT,4.0462,0.984,1136,1263,0,39
CART_sample_ratio_73,CART,CART_GINI_GAIN,100,0.6,1.0,-1,2,2,73,0.7,63,ONE_HOT,4.1584,0.9664,1093,1263,0,82
CART_sample_ratio_73,CART,CART_GINI_GAIN,100,0.6,1.0,-1,2,2,73,0.7,64,ONE_HOT,4.2695,0.9824,1135,1260,3,40
CART_sample_ratio_73,CART,CART_GINI_GAIN,100,0.6,1.0,-1,2,2,73,0.7,65,ONE_HOT,4.1982,0.9762,1123,1257,6,52
CART_sample_ratio_73,CART,CART_GINI_GAIN,100,0.6,1.0,-1,2,2,73,0.7,66,ONE_HOT,4.1333,0.975,1114,1263,0,61
CART_sample_ratio_73,CART,CART_GINI_GAIN,100,0.8,1.0,-1,2,2,73,0.7,42,ONE_HOT,4.2655,0.9672,1095,1263,0,80
CART_sample_ratio_73,CART,CART_GINI_GAIN,100,0.8,1.0,-1,2,2,73,0.7,43,ONE_HOT,4.1861,0.975,1114,1263,0,61
CART_sample_ratio_73,CART,CART_GINI_GAIN,100,0.8,1.0,-1,2,2,73,0.7,44,ONE_HOT,4.5525,0.9434,1037,1263,0,138
CART_sample_ratio_73,CART,CART_GINI_GAIN,100,0.8,1.0,-1,2,2,73,0.7,45,ONE_HOT,4.2647,0.975,1114,1263,0,61
CART_sample_ratio_73,CART,CART_GINI_GAIN,100,0.8,1.0,-1,2,2,73,0.7,46,ONE_HOT,4.2731,0.9811,1129,1263,0,46
CART_sample_ratio_73,CART,CART_GINI_GAIN,100,0.8,1.0,-1,2,2,73,0.7,47,ONE_HOT,4.2935,0.9508,1055,1263,0,120
CART_sample_ratio_73,CART,CART_GINI_GAIN,100,0.8,1.0,-1,2,2,73,0.7,48,ONE_HOT,4.2799,0.9807,1128,1263,0,47
CART_sample_ratio_73,CART,CART_GINI_GAIN,100,0.8,1.0,-1,2,2,73,0.7,49,ONE_HOT,4.3367,0.9824,1132,1263,0,43
CART_sample_ratio_73,CART,CART_GINI_GAIN,100,0.8,1.0,-1,2,2,73,0.7,50,ONE_HOT,4.1041,0.9787,1123,1263,0,52
CART_sample_ratio_73,CART,CART_GINI_GAIN,100,0.8,1.0,-1,2,2,73,0.7,51,ONE_HOT,4.3263,0.9795,1125,1263,0,50
CART_sample_ratio_73,CART,CART_GINI_GAIN,100,0.8,1.0,-1,2,2,73,0.7,52,ONE_HOT,4.265,0.9865,1142,1263,0,33
CART_sample_ratio_73,CART,CART_GINI_GAIN,100,0.8,1.0,-1,2,2,73,0.7,53,ONE_HOT,4.489,0.9787,1123,1263,0,52
CART_sample_ratio_73,CART,CART_GINI_GAIN,100,0.8,1.0,-1,2,2,73,0.7,54,ONE_HOT,4.4168,0.9873,1144,1263,0,31
CART_sample_ratio_73,CART,CART_GINI_GAIN,100,0.8,1.0,-1,2,2,73,0.7,55,ONE_HOT,4.1188,0.9483,1049,1263,0,126
CART_sample_ratio_73,CART,CART_GINI_GAIN,100,0.8,1.0,-1,2,2,73,0.7,56,ONE_HOT,4.3507,0.9705,1103,1263,0,72
CART_sample_ratio_73,CART,CART_GINI_GAIN,100,0.8,1.0,-1,2,2,73,0.7,57,ONE_HOT,4.9756,0.9783,1123,1262,1,52
CART_sample_ratio_73,CART,CART_GINI_GAIN,100,0.8,1.0,-1,2,2,73,0.7,58,ONE_HOT,4.015,0.9438,1038,1263,0,137
CART_sample_ratio_73,CART,CART_GINI_GAIN,100,0.8,1.0,-1,2,2,73,0.7,59,ONE_HOT,4.137,0.9754,1115,1263,0,60
CART_sample_ratio_73,CART,CART_GINI_GAIN,100,0.8,1.0,-1,2,2,73,0.7,60,ONE_HOT,4.2116,0.9348,1016,1263,0,159
CART_sample_ratio_73,CART,CART_GINI_GAIN,100,0.8,1.0,-1,2,2,73,0.7,61,ONE_HOT,4.2564,0.9582,1084,1252,11,91
CART_sample_ratio_73,CART,CART_GINI_GAIN,100,0.8,1.0,-1,2,2,73,0.7,62,ONE_HOT,4.3753,0.961,1082,1261,2,93
CART_sample_ratio_73,CART,CART_GINI_GAIN,100,0.8,1.0,-1,2,2,73,0.7,63,ONE_HOT,4.1202,0.9725,1108,1263,0,67
CART_sample_ratio_73,CART,CART_GINI_GAIN,100,0.8,1.0,-1,2,2,73,0.7,64,ONE_HOT,4.2473,0.9721,1108,1262,1,67
CART_sample_ratio_73,CART,CART_GINI_GAIN,100,0.8,1.0,-1,2,2,73,0.7,65,ONE_HOT,4.1663,0.9852,1141,1261,2,34
CART_sample_ratio_73,CART,CART_GINI_GAIN,100,0.8,1.0,-1,2,2,73,0.7,66,ONE_HOT,4.3265,0.9832,1135,1262,1,40
CART_sample_ratio_73,CART,CART_GINI_GAIN,100,1.0,1.0,-1,2,2,73,0.7,42,ONE_HOT,4.4007,0.9573,1071,1263,0,104
CART_sample_ratio_73,CART,CART_GINI_GAIN,100,1.0,1.0,-1,2,2,73,0.7,43,ONE_HOT,4.3746,0.9754,1116,1262,1,59
CART_sample_ratio_73,CART,CART_GINI_GAIN,100,1.0,1.0,-1,2,2,73,0.7,44,ONE_HOT,4.3898,0.9512,1056,1263,0,119
CART_sample_ratio_73,CART,CART_GINI_GAIN,100,1.0,1.0,-1,2,2,73,0.7,45,ONE_HOT,4.3878,0.966,1092,1263,0,83
CART_sample_ratio_73,CART,CART_GINI_GAIN,100,1.0,1.0,-1,2,2,73,0.7,46,ONE_HOT,4.3111,0.9635,1086,1263,0,89
CART_sample_ratio_73,CART,CART_GINI_GAIN,100,1.0,1.0,-1,2,2,73,0.7,47,ONE_HOT,4.6189,0.9381,1028,1259,4,147
CART_sample_ratio_73,CART,CART_GINI_GAIN,100,1.0,1.0,-1,2,2,73,0.7,48,ONE_HOT,4.3086,0.975,1114,1263,0,61
CART_sample_ratio_73,CART,CART_GINI_GAIN,100,1.0,1.0,-1,2,2,73,0.7,49,ONE_HOT,4.3704,0.9754,1115,1263,0,60
CART_sample_ratio_73,CART,CART_GINI_GAIN,100,1.0,1.0,-1,2,2,73,0.7,50,ONE_HOT,4.7387,0.9647,1089,1263,0,86
CART_sample_ratio_73,CART,CART_GINI_GAIN,100,1.0,1.0,-1,2,2,73,0.7,51,ONE_HOT,4.159,0.9528,1060,1263,0,115
CART_sample_ratio_73,CART,CART_GINI_GAIN,100,1.0,1.0,-1,2,2,73,0.7,52,ONE_HOT,4.5092,0.9848,1138,1263,0,37
CART_sample_ratio_73,CART,CART_GINI_GAIN,100,1.0,1.0,-1,2,2,73,0.7,53,ONE_HOT,4.1556,0.9861,1141,1263,0,34
CART_sample_ratio_73,CART,CART_GINI_GAIN,100,1.0,1.0,-1,2,2,73,0.7,54,ONE_HOT,4.4583,0.9713,1106,1262,1,69
CART_sample_ratio_73,CART,CART_GINI_GAIN,100,1.0,1.0,-1,2,2,73,0.7,55,ONE_HOT,4.2038,0.9643,1088,1263,0,87
CART_sample_ratio_73,CART,CART_GINI_GAIN,100,1.0,1.0,-1,2,2,73,0.7,56,ONE_HOT,4.2823,0.9307,1006,1263,0,169
CART_sample_ratio_73,CART,CART_GINI_GAIN,100,1.0,1.0,-1,2,2,73,0.7,57,ONE_HOT,4.537,0.9709,1104,1263,0,71
CART_sample_ratio_73,CART,CART_GINI_GAIN,100,1.0,1.0,-1,2,2,73,0.7,58,ONE_HOT,4.5336,0.9368,1021,1263,0,154
CART_sample_ratio_73,CART,CART_GINI_GAIN,100,1.0,1.0,-1,2,2,73,0.7,59,ONE_HOT,4.7265,0.9454,1042,1263,0,133
CART_sample_ratio_73,CART,CART_GINI_GAIN,100,1.0,1.0,-1,2,2,73,0.7,60,ONE_HOT,4.5167,0.9848,1138,1263,0,37
CART_sample_ratio_73,CART,CART_GINI_GAIN,100,1.0,1.0,-1,2,2,73,0.7,61,ONE_HOT,4.4718,0.943,1036,1263,0,139
CART_sample_ratio_73,CART,CART_GINI_GAIN,100,1.0,1.0,-1,2,2,73,0.7,62,ONE_HOT,4.311,0.9635,1086,1263,0,89
CART_sample_ratio_73,CART,CART_GINI_GAIN,100,1.0,1.0,-1,2,2,73,0.7,63,ONE_HOT,4.3098,0.952,1058,1263,0,117
CART_sample_ratio_73,CART,CART_GINI_GAIN,100,1.0,1.0,-1,2,2,73,0.7,64,ONE_HOT,4.2641,0.9487,1050,1263,0,125
CART_sample_ratio_73,CART,CART_GINI_GAIN,100,1.0,1.0,-1,2,2,73,0.7,65,ONE_HOT,4.3494,0.9848,1138,1263,0,37
CART_sample_ratio_73,CART,CART_GINI_GAIN,100,1.0,1.0,-1,2,2,73,0.7,66,ONE_HOT,4.1213,0.959,1075,1263,0,100
